Workbook

Sheet Aufmaß
A1: Aufmaßblatt HK Hiltrup West / HK Albachten
A3: Ort | B3: Münster
A4: Datum | C4: ← Datum eintragen
A5: NVT Gebiet
A6: Unternehmen | B6: Helder Santos GmbH
A7: BV | B7: Norbert Diez
A8: Projekt
A9: Projekt (Zusatz)
A10: Betriebsnetz
A11: Betriebsnetz (Zusatz)
A14: Nr. | B14: NVT | C14: Tätigkeit | D14: Position | E14: Einheit | F14: Menge | G14: Bemerkung
A15: 1 | D15: =IFERROR(VLOOKUP($C15,Katalog!$A:$C,2,FALSE),"") | E15: =IFERROR(VLOOKUP($C15,Katalog!$A:$C,3,FALSE),"")
A16: 2 | D16: =IFERROR(VLOOKUP($C16,Katalog!$A:$C,2,FALSE),"") | E16: =IFERROR(VLOOKUP($C16,Katalog!$A:$C,3,FALSE),"")
A17: 3 | D17: =IFERROR(VLOOKUP($C17,Katalog!$A:$C,2,FALSE),"") | E17: =IFERROR(VLOOKUP($C17,Katalog!$A:$C,3,FALSE),"")
A18: 4 | D18: =IFERROR(VLOOKUP($C18,Katalog!$A:$C,2,FALSE),"") | E18: =IFERROR(VLOOKUP($C18,Katalog!$A:$C,3,FALSE),"")
A19: 5 | D19: =IFERROR(VLOOKUP($C19,Katalog!$A:$C,2,FALSE),"") | E19: =IFERROR(VLOOKUP($C19,Katalog!$A:$C,3,FALSE),"")
A20: 6 | D20: =IFERROR(VLOOKUP($C20,Katalog!$A:$C,2,FALSE),"") | E20: =IFERROR(VLOOKUP($C20,Katalog!$A:$C,3,FALSE),"")
A21: 7 | D21: =IFERROR(VLOOKUP($C21,Katalog!$A:$C,2,FALSE),"") | E21: =IFERROR(VLOOKUP($C21,Katalog!$A:$C,3,FALSE),"")
A22: 8 | D22: =IFERROR(VLOOKUP($C22,Katalog!$A:$C,2,FALSE),"") | E22: =IFERROR(VLOOKUP($C22,Katalog!$A:$C,3,FALSE),"")
A23: 9 | D23: =IFERROR(VLOOKUP($C23,Katalog!$A:$C,2,FALSE),"") | E23: =IFERROR(VLOOKUP($C23,Katalog!$A:$C,3,FALSE),"")
A24: 10 | D24: =IFERROR(VLOOKUP($C24,Katalog!$A:$C,2,FALSE),"") | E24: =IFERROR(VLOOKUP($C24,Katalog!$A:$C,3,FALSE),"")
A25: 11 | D25: =IFERROR(VLOOKUP($C25,Katalog!$A:$C,2,FALSE),"") | E25: =IFERROR(VLOOKUP($C25,Katalog!$A:$C,3,FALSE),"")
A26: 12 | D26: =IFERROR(VLOOKUP($C26,Katalog!$A:$C,2,FALSE),"") | E26: =IFERROR(VLOOKUP($C26,Katalog!$A:$C,3,FALSE),"")
... A44: 30 | D44: =IFERROR(VLOOKUP($C44,Katalog!$A:$C,2,FALSE),"") | E44: =IFERROR(VLOOKUP($C44,Katalog!$A:$C,3,FALSE),"")
A46: Ausfüllen: NVT, Tätigkeit (Dropdown), Menge, ggf. Bemerkung. Position und Einheit werden automatisch ergänzt. Danach „PDF erstellen“ ausführen.

Sheet Katalog
A1: Tätigkeit | B1: Position | C1: Einheit
A2: Einblasen HK 24F | B2: 02.02.01.02 | C2: m
A3: Einblasen HK 96F | B3: 02.02.01.01 | C3: m
A4: GF-Kabel vorb. & Spleißen (bis 24F.) | B4: 02.05.01.01 | C4: St
A5: GF-Kabel vorb. & Spleißen (bis 96F.) | B5: 02.05.01.02 | C5: St
A6: Montage und Spleißen von Kopplern | B6: 02.05.01.03 | C6: St
A7: Zusätzliches Spleißen weiterer Fasern | B7: 02.05.01.04 | C7: St
A8: GF ungespleißt ablegen | B8: 02.03.01.03 | C8: m
A9: Montieren EZA 12mm | B9: 02.04.01.02 | C9: St
A10: Stunden Monteur | B10: 02.07.01.03 | C10: h
